/*****************
For our own debuggging only
******************/
DROP TABLE IF EXISTS App_User CASCADE;
DROP TABLE IF EXISTS Driver CASCADE;
DROP TABLE IF EXISTS Passenger CASCADE;
DROP TABLE IF EXISTS Car CASCADE;
DROP TABLE IF EXISTS Promo CASCADE;
DROP TABLE IF EXISTS Ride CASCADE;
DROP TABLE IF EXISTS Place CASCADE;
DROP TABLE IF EXISTS Advertisement CASCADE;
DROP TABLE IF EXISTS Bids CASCADE;
DROP TABLE IF EXISTS Redeems CASCADE;
DROP TABLE IF EXISTS Owns CASCADE;


/********
ENTITY TABLES
***********/
BEGIN TRANSACTION;

CREATE TABLE App_User (
    username     varchar(50) PRIMARY KEY,
    first_name   varchar(20) NOT NULL,
    last_name    varchar(20) NOT NULL,
    password     varchar(50) NOT NULL,
    phone_number varchar(20) NOT NULL
);

CREATE TABLE Driver (
    username     varchar(50) PRIMARY KEY REFERENCES App_User ON DELETE CASCADE,
    d_rating     NUMERIC
);

CREATE TABLE Passenger (
    username varchar(50) PRIMARY KEY REFERENCES App_User ON DELETE CASCADE,
    p_rating NUMERIC
);

CREATE TABLE Car (
    plate_number varchar(20) PRIMARY KEY,
    colour      varchar(20) NOT NULL,
    brand         varchar(20) NOT NULL,
    no_passengers        INTEGER NOT NULL,
    CHECK(no_passengers >= 1)
);

CREATE TABLE Promo (
    promo_code   varchar(20) PRIMARY KEY,
    max_quota   INTEGER NOT NULL,
    min_price    INTEGER,
    discount     INTEGER NOT NULL
);

CREATE TABLE Place (
    name varchar(50) PRIMARY KEY
);

CREATE TABLE Advertisement (
    time_posted       TIMESTAMP   DEFAULT date_trunc('second', current_timestamp),
    driver_ID         varchar(50) REFERENCES Driver ON DELETE CASCADE,
    num_passengers    INTEGER     NOT NULL,
    departure_time    TIMESTAMP   NOT NULL,
    price             INTEGER     NOT NULL, -- minimum bidding price for the advertisement
    to_place          varchar(50) NOT NULL REFERENCES Place,
    from_place        varchar(50) NOT NULL REFERENCES Place,
    ad_status         varchar(20) NOT NULL,
    PRIMARY KEY (time_posted, driver_ID),
    CHECK       (num_passengers > 0),
    CHECK       (ad_status = 'Active' OR ad_status = 'Scheduled' OR ad_status = 'Deleted')
);


/****************************************************************
RELATIONSHIPS
****************************************************************/

CREATE TABLE Bids (
    passenger_ID     varchar(50) REFERENCES Passenger ON DELETE CASCADE,
    driver_ID        varchar(50) REFERENCES Driver    ON DELETE CASCADE,
    time_posted      TIMESTAMP	 DEFAULT date_trunc('second', current_timestamp),
    price            NUMERIC,
    status           varchar(20),
    no_passengers    INTEGER,
    PRIMARY KEY (passenger_ID, time_posted, driver_ID),
    CHECK       (passenger_ID <> driver_ID),
    CHECK       (status = 'ongoing' OR status = 'successful' OR status = 'failed'),
    CHECK       (price > 0)
);

CREATE TABLE Ride (
    ride_ID        SERIAL      PRIMARY KEY,
    passenger_ID   varchar(50) NOT NULL,
    driver_ID      varchar(50) NOT NULL,
    time_posted    TIMESTAMP   NOT NULL,
    status         varchar(20) DEFAULT 'pending',
    is_paid        BOOLEAN NOT NULL DEFAULT false,
    p_comment   varchar(50),
    p_rating    numeric,
    d_comment   varchar(50),
    d_rating    numeric,
    FOREIGN KEY (passenger_ID, time_posted, driver_ID) REFERENCES Bids,
    CHECK (status = 'pending' OR status = 'ongoing' OR status = 'completed')
);

CREATE TABLE Redeems (
    ride_ID       INTEGER     PRIMARY KEY  REFERENCES Ride,
    promo_code    varchar(20) NOT NULL     REFERENCES Promo,
    username      varchar(50) NOT NULL     REFERENCES Passenger
);

CREATE TABLE Owns (
    driver_ID    varchar(50) REFERENCES Driver,
    plate_number varchar(20) REFERENCES Car,
    PRIMARY KEY (driver_ID, plate_number)
);

/****************************************************************
FUNCTION and TRIGGER
****************************************************************/
CREATE OR REPLACE FUNCTION update_bid_failed()
RETURNS TRIGGER AS $$ BEGIN
RAISE NOTICE 'New bid price should be higher'; RETURN NULL;
END; $$ LANGUAGE plpgsql;

CREATE TRIGGER bid_update_trig
BEFORE UPDATE ON bids FOR EACH ROW
WHEN (NEW.price < OLD.price)
EXECUTE PROCEDURE update_bid_failed();

CREATE OR REPLACE FUNCTION update_bid_status_to_fail()
RETURNS TRIGGER AS $$ BEGIN
    RAISE NOTICE 'Updating all bids for % %', NEW.driver_ID, NEW.time_posted;
    UPDATE Bids AS b SET status = 'failed' 
    WHERE (b.time_posted, b.driver_ID) = (NEW.time_posted, NEW.driver_ID) AND b.status = 'ongoing';
    RETURN NULL;
END; $$ LANGUAGE plpgsql;

CREATE OR REPLACE FUNCTION update_ad_bid_on_successful_bid()
RETURNS TRIGGER AS $$ BEGIN
    RAISE NOTICE 'Updating all bids for % % to fail after a successful bid', NEW.driver_ID, NEW.time_posted;
    UPDATE Advertisement a SET ad_status = 'Scheduled'
        WHERE (a.time_posted, a.driver_ID) = (NEW.time_posted, NEW.driver_ID);
    RETURN NULL;
END; $$ LANGUAGE plpgsql;

CREATE TRIGGER update_advertisement_on_successful_bid
AFTER UPDATE ON Bids FOR EACH ROW
WHEN (OLD.status = 'ongoing' AND NEW.status = 'successful')
EXECUTE PROCEDURE update_ad_bid_on_successful_bid();

CREATE TRIGGER update_ad_status
AFTER UPDATE ON Advertisement FOR EACH ROW
WHEN (NEW.ad_status = 'Deleted' OR NEW.ad_status = 'Scheduled')
EXECUTE PROCEDURE update_bid_status_to_fail();

CREATE OR REPLACE PROCEDURE
add_driver(name varchar(20)) AS
$tag$
BEGIN
IF NOT EXISTS(SELECT * FROM driver WHERE driver.username = name) THEN
    INSERT INTO driver(username, d_rating) VALUES (name, NULL);
END IF;
END
$tag$
LANGUAGE plpgsql;

CREATE OR REPLACE PROCEDURE
add_owns(name varchar(20), number varchar(20)) AS
$tag$
BEGIN
IF NOT EXISTS(SELECT * FROM owns WHERE owns.driver_id = name AND owns.plate_number = number) THEN
    INSERT INTO owns(driver_id, plate_number) VALUES (name, number);
END IF;
END
$tag$
LANGUAGE plpgsql;


/*
TRIGGER AND FUNCTION FOR REVIEWS
 */

CREATE OR REPLACE FUNCTION
update_passenger_average_rating() RETURNS TRIGGER AS
$tag$
DECLARE average_rating numeric;
BEGIN
RAISE NOTICE 'Updating Average Passenger Rating';
SELECT ROUND(SUM(p_rating) / COUNT(*), 2) INTO average_rating FROM Ride WHERE passenger_id = OLD.passenger_id AND p_rating IS NOT NULL;
UPDATE Passenger SET p_rating = average_rating WHERE username = NEW.passenger_id;
RETURN NEW;
END;
$tag$
LANGUAGE plpgsql;

CREATE TRIGGER update_passenger_ride_rating
AFTER UPDATE ON ride FOR EACH ROW
WHEN ((OLD.p_rating <> NEW.p_rating OR OLD.p_rating IS NULL) AND NEW.p_rating IS NOT NULL)
EXECUTE PROCEDURE update_passenger_average_rating();

CREATE OR REPLACE FUNCTION
update_driver_average_ride_rating() RETURNS TRIGGER AS
$tag$
DECLARE average_rating numeric;
BEGIN
RAISE NOTICE 'Updating Average Driver Rating';
SELECT ROUND(SUM(d_rating) / COUNT(*), 2) INTO average_rating FROM Ride WHERE driver_id = OLD.driver_id AND d_rating IS NOT NULL;
UPDATE Driver SET d_rating = average_rating WHERE username = NEW.driver_id;
RETURN NEW;
END;
$tag$
LANGUAGE plpgsql;

CREATE TRIGGER update_driver_ride_rating
AFTER UPDATE ON ride FOR EACH ROW
EXECUTE PROCEDURE update_driver_average_ride_rating();

COMMIT; -- Commit once all table insertions and triggers are successful.

/*
TRIGGER AND FUNCTION FOR PREVENTING USERS THAT HAS NOT PAID FOR SUCCESSFUL RIDE, FROM INSERTING OR UPDATING OTHER TABLES EXCEPT PAYMENT TABLE
 */

/****************************************************************
DATA INSERTION
****************************************************************/

-- App_User: username, first_name, last_name, password, phone_number


insert into App_User values ('Adi', 'Prof', 'Adi', 'password', 2863945039);
insert into App_User values ('Beng', 'Chun Huat', 'Beng', 'password', 8215865769);
insert into App_User values ('Chew', 'Ah Meng', 'Chew', 'password', 7734451473);
insert into App_User values ('Danny', 'Danny', 'Christopher', 'password', 1365739490);
insert into App_User values ('Emil', 'Emil', 'Ho', 'password', 3436796564);
insert into App_User values ('Fred', 'Weasley', 'Fred', 'password', 2055996866);
insert into App_User values ('Georgina', 'Georgina', 'Tan', 'password', 3029039526);
insert into App_User values ('Harley', 'Harley', 'Morgue', 'password', 5377426205);
insert into App_User values ('Isabella', 'Marius', 'Reavell', 'password', 9725999259);
insert into App_User values ('Joesph', 'Pennie', 'Nelle', 'password', 2645471052);
insert into App_User values ('James', 'James', 'Pang', 'password', 5185617186);
insert into App_User values ('Shuyuan', 'Shuyuan', 'Jin', 'password', 9182609085);
insert into App_User values ('Jin Yao', 'Jin Yao', 'Tan', 'password', 5544703777);
insert into App_User values ('Ahmad', 'Sonnie', 'Llop', 'password', 3995005082);
insert into App_User values ('Ali', 'Estella', 'McCroary', 'password', 4832356120);
insert into App_User values ('Fairuz', 'Joanie', 'Wanley', 'password', 7106811550);
insert into App_User values ('Chris', 'Chris', 'Evans', 'password', 5355440695);
insert into App_User values ('Ruffalo', 'Mark', 'Ruffalo', 'password', 4794001078);
insert into App_User values ('scarjo', 'scarlett', 'johansson', 'password', 9435003533);
insert into App_User values ('iamironman', 'Robert Downey', 'Jr.', 'password', 6749453810);
insert into App_User values ('teo', 'Shawn', 'teo', 'teo', 12345678);
insert into App_User values ('Adiyogaisthebest', 'Adi', 'Yoga', 'password', 12345678);

-- Passenger: username

insert into Passenger values ('Adi');
insert into Passenger values ('Beng');
insert into Passenger values ('Chew');
insert into Passenger values ('Danny');
insert into Passenger values ('Emil');
insert into Passenger values ('Fred');
insert into Passenger values ('Georgina');
insert into Passenger values ('Harley');
insert into Passenger values ('Isabella');
insert into Passenger values ('Joesph');
insert into Passenger values ('James');
insert into Passenger values ('Shuyuan');
insert into Passenger values ('Jin Yao');
insert into Passenger values ('Ahmad');
insert into Passenger values ('Ali');
insert into Passenger values ('Fairuz');
insert into Passenger values ('Chris');
insert into Passenger values ('Ruffalo');
insert into Passenger values ('scarjo');
insert into Passenger values ('iamironman');
insert into Passenger values ('teo');
insert into Passenger values ('Adiyogaisthebest');





-- Driver: username, d_rating(NULL)
INSERT INTO Driver VALUES ('Adi', NULL);
INSERT INTO Driver VALUES ('Beng', NULL);
INSERT INTO Driver VALUES ('Chew', NULL);
INSERT INTO Driver VALUES ('Danny', NULL);
INSERT INTO Driver VALUES ('Emil', NULL);
INSERT INTO Driver VALUES ('Fred', NULL);
INSERT INTO Driver VALUES ('Georgina', NULL);
INSERT INTO Driver VALUES ('Harley', NULL);
INSERT INTO Driver VALUES ('Isabella', NULL);
INSERT INTO Driver VALUES ('Joesph', NULL);
INSERT INTO Driver VALUES ('teo', NULL);
INSERT INTO Driver VALUES ('Adiyogaisthebest', NULL);




-- Car: plateNum, colors
INSERT INTO Car VALUES ('SFV7687J', 'White','Toyota',  5);
INSERT INTO Car VALUES ('S1', 'White','Honda', 5);
INSERT INTO Car VALUES ('EU9288C', 'Gray','Ferrari',2);
INSERT INTO Car VALUES ('AAA8888', 'Red','Lexus', 4);
INSERT INTO Car VALUES ('BBB8888', 'Black','Toyota',5);
INSERT INTO Car VALUES ('CCC8888', 'Blue','Range Rover', 4);
INSERT INTO Car VALUES ('007', 'Pink','Honda', 7);
INSERT INTO Car VALUES ('BC8888', 'Red','Honda', 7);
INSERT INTO Car VALUES ('C8888', 'Red','Lamborghini', 7);
INSERT INTO Car VALUES ('ABC8888', 'Red','Ferrari', 7);
INSERT INTO Car VALUES ('GiveMeA', 'Red','Ferrari', 7);




-- Promo: promoCode, quotaLeft, minPrice, disc
INSERT INTO Promo VALUES ('a1a', 10, 10, 20);
INSERT INTO Promo VALUES ('a1b', 1, 20, 20);
INSERT INTO Promo VALUES ('50OFF', 1, 100, 50);
INSERT INTO Promo VALUES ('40OFF', 1, 10, 40);
INSERT INTO Promo VALUES ('10OFF', 0, 20, 10);
INSERT INTO Promo VALUES ('20OFF', 5, 50, 20);
INSERT INTO Promo VALUES ('FREERIDE', 100, 0, 1000000);
INSERT INTO Promo VALUES ('ADIYOGA', 10, 10, 15);




-- Place: name (of place)
INSERT INTO Place VALUES ('Jurong East');
INSERT INTO Place VALUES ('Bukit Batok');
INSERT INTO Place VALUES ('Bukit Gombak');
INSERT INTO Place VALUES ('Choa Chu Kang');
INSERT INTO Place VALUES ('Yew Tee');
INSERT INTO Place VALUES ('Kranji');
INSERT INTO Place VALUES ('Marsiling');
INSERT INTO Place VALUES ('Woodlands');
INSERT INTO Place VALUES ('Admiralty');
INSERT INTO Place VALUES ('Sembawang');
INSERT INTO Place VALUES ('Canberra');
INSERT INTO Place VALUES ('Yishun');
INSERT INTO Place VALUES ('Khatib');
INSERT INTO Place VALUES ('Yio Chu Kang');
INSERT INTO Place VALUES ('Ang Mo Kio');
INSERT INTO Place VALUES ('Bishan');
INSERT INTO Place VALUES ('Braddell');
INSERT INTO Place VALUES ('Toa Payoh');
INSERT INTO Place VALUES ('Novena');
INSERT INTO Place VALUES ('Newton');
INSERT INTO Place VALUES ('Orchard');
INSERT INTO Place VALUES ('Somerset');
INSERT INTO Place VALUES ('Dhoby Ghaut');
INSERT INTO Place VALUES ('City Hall');
INSERT INTO Place VALUES ('Raffles Place');
INSERT INTO Place VALUES ('Marina Bay');
INSERT INTO Place VALUES ('Marina South Pier');
INSERT INTO Place VALUES ('Pasir Ris');
INSERT INTO Place VALUES ('Tampines');
INSERT INTO Place VALUES ('Simei');
INSERT INTO Place VALUES ('Tanah Merah');
INSERT INTO Place VALUES ('Bedok');
INSERT INTO Place VALUES ('Kembangan');
INSERT INTO Place VALUES ('Eunos');
INSERT INTO Place VALUES ('Paya Lebar');
INSERT INTO Place VALUES ('Ajunied');
INSERT INTO Place VALUES ('Kallang');
INSERT INTO Place VALUES ('Lavender');
INSERT INTO Place VALUES ('Bugis');
INSERT INTO Place VALUES ('Tanjong Pagar');
INSERT INTO Place VALUES ('Outram Park');
INSERT INTO Place VALUES ('Tiong Bahru');
INSERT INTO Place VALUES ('Redhill');
INSERT INTO Place VALUES ('Queenstown');
INSERT INTO Place VALUES ('Commonwealth');
INSERT INTO Place VALUES ('Buona Vista');
INSERT INTO Place VALUES ('Dover');
INSERT INTO Place VALUES ('Clementi');
INSERT INTO Place VALUES ('Chinese Garden');
INSERT INTO Place VALUES ('Lakeside');
INSERT INTO Place VALUES ('Boon Lay');
INSERT INTO Place VALUES ('Pioneer');
INSERT INTO Place VALUES ('Joo Koon');
INSERT INTO Place VALUES ('Gul Circle');
INSERT INTO Place VALUES ('Tuas Crescent');
INSERT INTO Place VALUES ('Tuas West Road');
INSERT INTO Place VALUES ('Tuas Link');
INSERT INTO Place VALUES ('Expo');
INSERT INTO Place VALUES ('Changi Airport');
INSERT INTO Place VALUES ('Harborfront');
INSERT INTO Place VALUES ('Chinatown');
INSERT INTO Place VALUES ('Clarke Quay');
INSERT INTO Place VALUES ('Little India');
INSERT INTO Place VALUES ('Farrer Park');
INSERT INTO Place VALUES ('Boon Keng');
INSERT INTO Place VALUES ('Potong Pasir');
INSERT INTO Place VALUES ('Woodleigh');
INSERT INTO Place VALUES ('Serangoon');
INSERT INTO Place VALUES ('Kovan');
INSERT INTO Place VALUES ('Hougang');
INSERT INTO Place VALUES ('Buangkok');
INSERT INTO Place VALUES ('Sengkang');
INSERT INTO Place VALUES ('Punggol');
INSERT INTO Place VALUES ('Bras Basah');
INSERT INTO Place VALUES ('Esplanade');
INSERT INTO Place VALUES ('Promenade');
INSERT INTO Place VALUES ('Nicol Highway');
INSERT INTO Place VALUES ('Stadium');
INSERT INTO Place VALUES ('Mountbatten');
INSERT INTO Place VALUES ('Dakota');
INSERT INTO Place VALUES ('Mac Pherson');
INSERT INTO Place VALUES ('Tai Seng');
INSERT INTO Place VALUES ('Bartley');
INSERT INTO Place VALUES ('Lorong Chuan');
INSERT INTO Place VALUES ('Marymount');
INSERT INTO Place VALUES ('Caldecoot');
INSERT INTO Place VALUES ('Botanic Gardens');
INSERT INTO Place VALUES ('Farrer Road');
INSERT INTO Place VALUES ('Holland Village');
INSERT INTO Place VALUES ('One North');
INSERT INTO Place VALUES ('Kent Ridge');
INSERT INTO Place VALUES ('Haw Par Villa');
INSERT INTO Place VALUES ('Pasir Panjang');
INSERT INTO Place VALUES ('Labrador Park');
INSERT INTO Place VALUES ('Telok Blangah');
INSERT INTO Place VALUES ('Bayfront');
INSERT INTO Place VALUES ('Marina Bay');
INSERT INTO Place VALUES ('Bukit Panjang');
INSERT INTO Place VALUES ('Cashew');
INSERT INTO Place VALUES ('Hillview');
INSERT INTO Place VALUES ('Beauty World');
INSERT INTO Place VALUES ('King Albert Park');
INSERT INTO Place VALUES ('Sixth Avenue');
INSERT INTO Place VALUES ('Tan Kah Kee');
INSERT INTO Place VALUES ('Stevens');
INSERT INTO Place VALUES ('Rochor');
INSERT INTO Place VALUES ('Downtown');
INSERT INTO Place VALUES ('Telok Ayer');
INSERT INTO Place VALUES ('Fort Canning');
INSERT INTO Place VALUES ('Bencoolen');
INSERT INTO Place VALUES ('Jalan Besar');
INSERT INTO Place VALUES ('Bendemeer');
INSERT INTO Place VALUES ('Geylang Bahru');
INSERT INTO Place VALUES ('Mattar');
INSERT INTO Place VALUES ('Ubi');
INSERT INTO Place VALUES ('Kaki Bukit');
INSERT INTO Place VALUES ('Bedok North');
INSERT INTO Place VALUES ('Bedok Reservoir');
INSERT INTO Place VALUES ('Tampines West');
INSERT INTO Place VALUES ('Tampines East');
INSERT INTO Place VALUES ('Upper Changi');

-- Advertisement: timePosted(DEFAULT), driverID, numPass, departTime, price, to, from, ad_status
INSERT INTO Advertisement VALUES (TIMESTAMP '2019-10-10 12:30', 'Fred', 2, TIMESTAMP '2019-12-12 12:30', 20, 'Clementi', 'Pasir Ris', 'Active');
INSERT INTO Advertisement VALUES (TIMESTAMP '2019-10-19 12:30', 'Isabella', 2, TIMESTAMP '2019-12-12 12:30', 20, 'Jurong East', 'Changi Airport', 'Active');
INSERT INTO Advertisement VALUES (TIMESTAMP '2019-10-20 12:30', 'Joesph', 2, TIMESTAMP '2019-12-12 12:30', 20, 'Jurong East', 'Pasir Ris', 'Active');
INSERT INTO Advertisement VALUES (TIMESTAMP '2018-12-10 12:30', 'Adi', 2, TIMESTAMP '2019-12-12 12:34', 20, 'Joo Koon', 'Bendemeer', 'Active');
INSERT INTO Advertisement VALUES (TIMESTAMP '2018-12-10 12:30', 'Beng', 2, TIMESTAMP '2019-12-12 12:30', 20, 'Changi Airport', 'Paya Lebar', 'Active');
INSERT INTO Advertisement VALUES (TIMESTAMP '2018-12-10 12:30', 'Chew', 2, TIMESTAMP '2019-12-12 12:30', 20, 'Joo Koon', 'Pasir Ris', 'Scheduled');
INSERT INTO Advertisement VALUES (TIMESTAMP '2018-12-10 12:30', 'Danny', 2, TIMESTAMP '2019-12-12 12:34', 20, 'Kent Ridge', 'Changi Airport', 'Active');
INSERT INTO Advertisement VALUES (TIMESTAMP '2018-12-10 12:30', 'Emil', 2, TIMESTAMP '2019-12-12 12:30', 20, 'Changi Airport', 'Paya Lebar', 'Active');
INSERT INTO Advertisement VALUES (TIMESTAMP '2018-12-10 12:30', 'Fred', 2, TIMESTAMP '2019-12-12 12:30', 20, 'Jurong East', 'Pasir Ris', 'Scheduled');
INSERT INTO Advertisement VALUES (TIMESTAMP '2018-12-17 12:30', 'Georgina', 2, TIMESTAMP '2019-12-12 12:30', 20, 'Jurong East', 'Pasir Ris', 'Active');
INSERT INTO Advertisement VALUES (TIMESTAMP '2018-12-18 12:30', 'Harley', 2, TIMESTAMP '2019-12-12 12:30', 20, 'Jurong East', 'Pasir Ris', 'Active');
INSERT INTO Advertisement VALUES (TIMESTAMP '2018-12-19 12:30', 'Isabella', 2, TIMESTAMP '2019-12-12 12:30', 20, 'Jurong East', 'Pasir Ris', 'Scheduled');
INSERT INTO Advertisement VALUES (TIMESTAMP '2018-12-20 12:30', 'Joesph', 2, TIMESTAMP '2019-12-12 12:30', 20, 'Jurong East', 'Pasir Ris', 'Scheduled');
INSERT INTO Advertisement VALUES (TIMESTAMP '2018-12-21 12:30', 'Joesph', 2, TIMESTAMP '2019-12-15 12:30', 20, 'Jurong East', 'Pasir Ris', 'Scheduled');
INSERT INTO Advertisement VALUES (TIMESTAMP '2018-12-10 12:31', 'Adi', 2, TIMESTAMP '2019-12-12 12:34', 20, 'Joo Koon', 'Bendemeer', 'Scheduled');
INSERT INTO Advertisement VALUES (TIMESTAMP '2018-12-10 12:31', 'Beng', 2, TIMESTAMP '2019-12-12 12:30', 20, 'Changi Airport', 'Paya Lebar', 'Scheduled');
INSERT INTO Advertisement VALUES (TIMESTAMP '2018-12-10 12:31', 'Chew', 2, TIMESTAMP '2019-12-12 12:30', 20, 'Joo Koon', 'Pasir Ris', 'Scheduled');
INSERT INTO Advertisement VALUES (TIMESTAMP '2018-12-10 12:31', 'Danny', 2, TIMESTAMP '2019-12-12 12:34', 20, 'Kent Ridge', 'Changi Airport', 'Scheduled');
INSERT INTO Advertisement VALUES (TIMESTAMP '2018-12-10 12:31', 'Emil', 2, TIMESTAMP '2019-12-12 12:30', 20, 'Changi Airport', 'Paya Lebar', 'Scheduled');
INSERT INTO Advertisement VALUES (TIMESTAMP '2018-12-10 12:31', 'Fred', 2, TIMESTAMP '2019-12-12 12:30', 20, 'Jurong East', 'Pasir Ris', 'Scheduled');
INSERT INTO Advertisement VALUES (TIMESTAMP '2018-12-17 12:31', 'Georgina', 2, TIMESTAMP '2019-12-12 12:30', 20, 'Jurong East', 'Pasir Ris', 'Scheduled');
INSERT INTO Advertisement VALUES (TIMESTAMP '2018-12-18 12:31', 'Harley', 2, TIMESTAMP '2019-12-12 12:30', 20, 'Jurong East', 'Pasir Ris', 'Scheduled');
INSERT INTO Advertisement VALUES (TIMESTAMP '2018-12-19 12:31', 'Isabella', 2, TIMESTAMP '2019-12-12 12:30', 20, 'Jurong East', 'Pasir Ris', 'Scheduled');
INSERT INTO Advertisement VALUES (TIMESTAMP '2018-12-20 12:31', 'Joesph', 2, TIMESTAMP '2019-12-12 12:30', 20, 'Jurong East', 'Pasir Ris', 'Scheduled');
INSERT INTO Advertisement VALUES (TIMESTAMP '2018-12-21 12:31', 'Adiyogaisthebest', 2, TIMESTAMP '2019-12-12 12:30', 20, 'Jurong East', 'Pasir Ris', 'Active');
INSERT INTO Advertisement VALUES (TIMESTAMP '2018-12-22 12:31', 'Adiyogaisthebest', 2, TIMESTAMP '2019-12-13 12:30', 20, 'Jurong East', 'Pasir Ris', 'Scheduled');
INSERT INTO Advertisement VALUES (TIMESTAMP '2018-12-23 12:31', 'Adiyogaisthebest', 2, TIMESTAMP '2019-12-14 12:30', 20, 'Jurong East', 'Pasir Ris', 'Scheduled');

-- Bids: passId, driverID, timePosted, price, status, numPass
INSERT INTO Bids VALUES ('James', 'Chew', TIMESTAMP '2018-12-10 12:30', 20, 'failed', 2);
INSERT INTO Bids VALUES ('Shuyuan', 'Chew', TIMESTAMP '2018-12-10 12:30', 20, 'failed', 2);
INSERT INTO Bids VALUES ('Jin Yao', 'Chew', TIMESTAMP '2018-12-10 12:30', 30, 'successful', 2);
INSERT INTO Bids VALUES ('James', 'Beng', TIMESTAMP '2018-12-10 12:30', 20, 'ongoing', 2);
INSERT INTO Bids VALUES ('Ahmad', 'Beng', TIMESTAMP '2018-12-10 12:30', 20, 'ongoing', 2);
INSERT INTO Bids VALUES ('Ali', 'Beng', TIMESTAMP '2018-12-10 12:30', 30, 'ongoing', 2);
INSERT INTO Bids VALUES ('Adi', 'Fred', TIMESTAMP '2018-12-10 12:30', 20, 'failed', 2);
INSERT INTO Bids VALUES ('Fred', 'Emil', TIMESTAMP '2018-12-10 12:30', 20, 'ongoing', 2);
INSERT INTO Bids VALUES ('Isabella', 'Danny', TIMESTAMP '2018-12-10 12:30', 30, 'ongoing', 2);
INSERT INTO Bids VALUES ('Georgina', 'Fred', TIMESTAMP '2018-12-10 12:30', 50, 'successful', 2);
INSERT INTO Bids VALUES ('Shuyuan', 'Emil', TIMESTAMP '2018-12-10 12:30', 20, 'ongoing', 2);
INSERT INTO Bids VALUES ('Chew', 'Danny', TIMESTAMP '2018-12-10 12:30', 30, 'ongoing', 2);
INSERT INTO Bids VALUES ('Adi', 'Danny', TIMESTAMP '2018-12-10 12:30', 30, 'ongoing', 2);
INSERT INTO Bids VALUES ('Harley', 'Danny', TIMESTAMP '2018-12-10 12:30', 30, 'ongoing', 2);
INSERT INTO Bids VALUES ('Shuyuan', 'Georgina', TIMESTAMP '2018-12-17 12:30', 20, 'ongoing', 2);
INSERT INTO Bids VALUES ('Chew', 'Harley', TIMESTAMP '2018-12-18 12:30', 30, 'ongoing', 2);
INSERT INTO Bids VALUES ('Shuyuan', 'Isabella', TIMESTAMP '2018-12-19 12:30', 20, 'successful', 2);
INSERT INTO Bids VALUES ('Chew', 'Joesph', TIMESTAMP '2018-12-20 12:30', 30, 'successful', 2);
INSERT INTO Bids VALUES ('Chew', 'Joesph', TIMESTAMP '2018-12-21 12:30', 30, 'successful', 2);
INSERT INTO Bids VALUES ('Joesph', 'Adi', TIMESTAMP '2018-12-10 12:31', 20, 'successful', 2);
INSERT INTO Bids VALUES ('Isabella', 'Beng', TIMESTAMP '2018-12-10 12:31', 30, 'successful', 2);
INSERT INTO Bids VALUES ('Harley', 'Chew', TIMESTAMP '2018-12-10 12:31', 30, 'successful', 2);
INSERT INTO Bids VALUES ('Georgina', 'Danny', TIMESTAMP '2018-12-10 12:31', 20, 'successful', 2);
INSERT INTO Bids VALUES ('Fred', 'Emil', TIMESTAMP '2018-12-10 12:31', 30, 'successful', 2);
INSERT INTO Bids VALUES ('Emil', 'Fred', TIMESTAMP '2018-12-10 12:31', 30, 'successful', 2);
INSERT INTO Bids VALUES ('Danny', 'Georgina', TIMESTAMP '2018-12-17 12:31', 20, 'successful', 2);
INSERT INTO Bids VALUES ('Chew', 'Harley', TIMESTAMP '2018-12-18 12:31', 30, 'successful', 2);
INSERT INTO Bids VALUES ('Beng', 'Isabella', TIMESTAMP '2018-12-19 12:31', 30, 'successful', 2);
INSERT INTO Bids VALUES ('Adi', 'Joesph', TIMESTAMP '2018-12-20 12:31', 30, 'successful', 2);
INSERT INTO Bids VALUES ('Emil', 'Adiyogaisthebest', TIMESTAMP '2018-12-21 12:31', 30, 'ongoing', 2);
INSERT INTO Bids VALUES ('Beng', 'Adiyogaisthebest', TIMESTAMP '2018-12-22 12:31', 30, 'successful', 2);
INSERT INTO Bids VALUES ('Adi', 'Adiyogaisthebest', TIMESTAMP '2018-12-23 12:31', 30, 'successful', 2);

-- Ride: rideID(NULL), passID, driverID, timePosted, status, p_rating, p_comment, d_rating, d_comment
INSERT INTO Ride VALUES(DEFAULT, 'Jin Yao', 'Chew', TIMESTAMP '2018-12-10 12:30', DEFAULT, DEFAULT, NULL, NULL, NULL, NULL);
INSERT INTO Ride VALUES(DEFAULT, 'Georgina', 'Fred', TIMESTAMP '2018-12-10 12:30', DEFAULT, DEFAULT, NULL, NULL, NULL, NULL);
INSERT INTO Ride VALUES(DEFAULT, 'Shuyuan', 'Isabella', TIMESTAMP '2018-12-19 12:30', DEFAULT, DEFAULT, NULL, NULL, NULL, NULL);
INSERT INTO Ride VALUES(DEFAULT, 'Chew', 'Joesph', TIMESTAMP '2018-12-20 12:30', DEFAULT, DEFAULT, NULL, NULL, NULL, NULL);
INSERT INTO Ride VALUES(DEFAULT, 'Chew', 'Joesph', TIMESTAMP '2018-12-20 12:30', DEFAULT, DEFAULT, NULL, NULL, NULL, NULL);
INSERT INTO Ride VALUES(DEFAULT, 'Joesph', 'Adi', TIMESTAMP '2018-12-10 12:31', DEFAULT, DEFAULT, NULL, NULL, NULL, NULL);
INSERT INTO Ride VALUES(DEFAULT, 'Isabella', 'Beng', TIMESTAMP '2018-12-10 12:31', DEFAULT, DEFAULT, NULL, NULL, NULL, NULL);
INSERT INTO Ride VALUES(DEFAULT, 'Harley', 'Chew', TIMESTAMP '2018-12-10 12:31', DEFAULT, DEFAULT, NULL, NULL, NULL, NULL);
INSERT INTO Ride VALUES(DEFAULT, 'Georgina', 'Danny', TIMESTAMP '2018-12-10 12:31', DEFAULT, DEFAULT, NULL, NULL, NULL, NULL);
INSERT INTO Ride VALUES(DEFAULT, 'Fred', 'Emil', TIMESTAMP '2018-12-10 12:31', DEFAULT, DEFAULT, NULL, NULL, NULL, NULL);
INSERT INTO Ride VALUES(DEFAULT, 'Emil', 'Fred', TIMESTAMP '2018-12-10 12:31', DEFAULT, DEFAULT, NULL, NULL, NULL, NULL);
INSERT INTO Ride VALUES(DEFAULT, 'Danny', 'Georgina', TIMESTAMP '2018-12-17 12:31', DEFAULT, DEFAULT, NULL, NULL, NULL, NULL);
INSERT INTO Ride VALUES(DEFAULT, 'Chew', 'Harley', TIMESTAMP '2018-12-18 12:31', DEFAULT, DEFAULT, NULL, NULL, NULL, NULL);
INSERT INTO Ride VALUES(DEFAULT, 'Beng', 'Isabella', TIMESTAMP '2018-12-19 12:31', DEFAULT, DEFAULT, NULL, NULL, NULL, NULL);
INSERT INTO Ride VALUES(DEFAULT, 'Adi', 'Joesph', TIMESTAMP '2018-12-20 12:31', DEFAULT, DEFAULT, NULL, NULL, NULL, NULL);
INSERT INTO Ride VALUES(DEFAULT, 'Beng', 'Adiyogaisthebest', TIMESTAMP '2018-12-22 12:31', DEFAULT, DEFAULT, NULL, NULL, NULL, NULL);
INSERT INTO Ride VALUES(DEFAULT, 'Adi', 'Adiyogaisthebest', TIMESTAMP '2018-12-23 12:31', DEFAULT, DEFAULT, NULL, NULL, NULL, NULL);
UPDATE Ride SET p_rating = 5, p_comment = 'he was great' WHERE ride_id = 3;
UPDATE Ride SET d_rating = 5, d_comment = 'he was okay' WHERE ride_id = 3;
UPDATE Ride SET p_rating = 2, p_comment = 'he was noisy af' WHERE ride_id = 4;
UPDATE Ride SET d_rating = 4, d_comment = 'he was a good listener' WHERE ride_id = 4;
UPDATE Ride SET p_rating = 3, p_comment = 'this guy again...' WHERE ride_id = 5;
UPDATE Ride SET d_rating = 1, d_comment = 'this time he was not a good listener' WHERE ride_id = 5;
UPDATE Ride SET p_rating = 5, p_comment = 'would recommend' WHERE ride_id = 6;
UPDATE Ride SET d_rating = 5, d_comment = '10/10' WHERE ride_id = 6;
UPDATE Ride SET p_rating = 2, p_comment = 'he was quiet' WHERE ride_id = 7;
UPDATE Ride SET d_rating = 1, d_comment = 'he was driving recklessly!' WHERE ride_id = 7;
UPDATE Ride SET p_rating = 4, p_comment = 'good ride.' WHERE ride_id = 8;
UPDATE Ride SET d_rating = 1, d_comment = 'he was really nice' WHERE ride_id = 8;
UPDATE Ride SET p_rating = 3, p_comment = '3/5' WHERE ride_id = 9;
UPDATE Ride SET d_rating = 4, d_comment = 'he aite' WHERE ride_id = 9;
UPDATE Ride SET p_rating = 3, p_comment = 'he damn good' WHERE ride_id = 10;
UPDATE Ride SET d_rating = 5, d_comment = 'good' WHERE ride_id = 10;
UPDATE Ride SET p_rating = 3, p_comment = 'nahhhhh not good' WHERE ride_id = 11;
UPDATE Ride SET d_rating = 3, d_comment = 'nahhhhh not good too' WHERE ride_id = 11;
UPDATE Ride SET p_rating = 2, p_comment = 'would not recomment' WHERE ride_id = 12;
UPDATE Ride SET d_rating = 3, d_comment = 'it was fine' WHERE ride_id = 12;
UPDATE Ride SET p_rating = 4, p_comment = 'GOOD passenger' WHERE ride_id = 13;
UPDATE Ride SET d_rating = 1, d_comment = 'worse driver ever' WHERE ride_id = 13;
UPDATE Ride SET p_rating = 5, p_comment = 'As a passenger he was on time.' WHERE ride_id = 16;
UPDATE Ride SET d_rating = 5, d_comment = 'He was the best driver ever. Super nice!' WHERE ride_id = 16;
UPDATE Ride SET p_rating = 5, p_comment = 'Great' WHERE ride_id = 17;
UPDATE Ride SET d_rating = 5, d_comment = 'Driver nya ganteng sekali...' WHERE ride_id = 17;

-- Owns: driverID, plateNum
INSERT INTO Owns VALUES ('Adi', 'SFV7687J');
INSERT INTO Owns VALUES ('Beng', 'S1');
INSERT INTO Owns VALUES ('Chew', 'EU9288C');
INSERT INTO Owns VALUES ('Danny', 'AAA8888');
INSERT INTO Owns VALUES ('Emil', 'BBB8888');
INSERT INTO Owns VALUES ('Fred', 'CCC8888');
INSERT INTO Owns VALUES ('Georgina', 'CCC8888');
INSERT INTO Owns VALUES ('Harley', 'BC8888');
INSERT INTO Owns VALUES ('Isabella', 'C8888');
INSERT INTO Owns VALUES ('Joesph', 'ABC8888');
INSERT INTO Owns VALUES ('teo', '007');
INSERT INTO Owns VALUES ('Adiyogaisthebest', 'GiveMeA');